riskKey,projectKey,scenarioKey,riskType,category,title,rootCause,impactScopeJson,impactedRowKeys,suggestedAction,coordinationRole,severity,status
京东::schedule_risk::1126,京东,,产品解决方案,产品解决方案,未检测到网络（参数面）、网络（业务、样本、带外管理）、通算平面设备，请TD确认是否漏配,未检测到网络（参数面）、网络（业务、样本、带外管理）、通算平面设备，请TD确认是否漏配,"{""effect"": ""关键平面或关键设备缺失，影响项目可交付性"", ""issueId"": ""90c6e273cc13003dd35293438fb05c1f"", ""progress"": ""新增"", ""ruleId"": """"}",,,TD,中,已关闭
京东::schedule_risk::1127,京东,,产品解决方案,产品解决方案,"计算领域未配置管理软件，后续计算领域软硬件纳管存在较大风险,请TD审视修改","计算领域未配置管理软件，后续计算领域软硬件纳管存在较大风险,请TD审视修改","{""effect"": ""关键平面或关键设备缺失，影响项目可交付性"", ""issueId"": ""aa96977e4b3f4328ec66ba1b3bd4f948"", ""progress"": ""新增"", ""ruleId"": """"}",,,TD,中,已关闭
京东::schedule_risk::1128,京东,,产品解决方案,产品解决方案,Atlas800T A2设备的A2芯片与客户平台已适配，本项目Atlas 900 A3 SuperPoD设备的A3芯片与客户平台适配风险较小，请远程交付方案专家提前与产品线确认适配风险,Atlas800T A2设备的A2芯片与客户平台已适配，本项目Atlas 900 A3 SuperPoD设备的A3芯片与客户平台适配风险较小，请远程交付方案专家提前与产品线确认适配风险,"{""effect"": ""第三方集成产品和系统方案存在兼容性风险，影响算力使用"", ""issueId"": ""e40399c55524655b1d16bd77e21f4705"", ""progress"": ""新增"", ""ruleId"": """"}",,,远程交付方案专家,中,已关闭
京东::schedule_risk::1129,京东,,昇腾（风冷/液冷）部件兼容性特性满足度与成熟度,昇腾（风冷/液冷）部件兼容性特性满足度与成熟度,昇腾设备的RAID卡不在RAID卡兼容性表中，请远程交付方案专家联系研发确认raid卡驱动与操作系统的兼容性。,昇腾设备的RAID卡不在RAID卡兼容性表中，请远程交付方案专家联系研发确认raid卡驱动与操作系统的兼容性。,"{""effect"": ""智算设备与操作系统存在兼容性风险，影响软调阶段系统安装。"", ""issueId"": ""1e1de0478a5be2b89d30d5711345c20a"", ""progress"": ""新增"", ""ruleId"": """"}",,,远程交付方案专家,低,已关闭
京东::schedule_risk::1130,京东,,昇腾（风冷/液冷）部件兼容性特性满足度与成熟度,昇腾（风冷/液冷）部件兼容性特性满足度与成熟度,昇腾设备的网络卡不在网卡兼容性表中，请远程交付方案专家联系研发确认网卡驱动与操作系统的兼容性。,昇腾设备的网络卡不在网卡兼容性表中，请远程交付方案专家联系研发确认网卡驱动与操作系统的兼容性。,"{""effect"": ""智算设备与操作系统存在兼容性风险，影响软调阶段系统安装。"", ""issueId"": ""937dd7a8182442e2fe54e68d17fb87a3"", ""progress"": ""新增"", ""ruleId"": """"}",,,远程交付方案专家,低,已关闭
京东::schedule_risk::1131,京东,,管理软件配置要求,管理软件配置要求,检测到项目中未配置CCAE硬件设备，存在灵衢设备无法纳管监控风险,检测到项目中未配置CCAE硬件设备，存在灵衢设备无法纳管监控风险,"{""effect"": ""灵衢设备无法纳管监控风险"", ""issueId"": ""29d1b33f57f51c7ccb2f8a489dd90f22"", ""progress"": ""新增"", ""ruleId"": """"}",,,远程交付方案专家,高,已关闭
京东::schedule_risk::1132,京东,,管理软件配置要求,管理软件配置要求,项目中可能存在非华为设备，但具体信息不明确，需进一步确认其是否满足配置要求,项目中可能存在非华为设备，但具体信息不明确，需进一步确认其是否满足配置要求,"{""effect"": ""影响相关设备的安装部署"", ""issueId"": ""e109dd6c9e2647dc970118a9f154a890"", ""progress"": ""新增"", ""ruleId"": """"}",,,远程交付方案专家,高,已关闭
京东::schedule_risk::1133,京东,,机房洁净度风险,机房洁净度风险,智算设备对机房洁净度有严格要求，设备入场前，机房应做好除尘工作，满足以下要求。机房洁净度不满足，机柜等设备不能进场。 1、符合数据中心清洁标准ISO14644-1 Class8  2、机房无爆炸性、导电性、导磁性及腐蚀性尘埃  3、腐蚀产物厚度最大增长速率（满足ANSI/ISA-71.04-2013定义的气体腐蚀等级G1）：铜测试片：300 Å/月  银测试片：200 Å/月,智算设备对机房洁净度有严格要求，设备入场前，机房应做好除尘工作，满足以下要求。机房洁净度不满足，机柜等设备不能进场。 1、符合数据中心清洁标准ISO14644-1 Class8  2、机房无爆炸性、导电性、导磁性及腐蚀性尘埃  3、腐蚀产物厚度最大增长速率（满足ANSI/ISA-71.04-2013定义的气体腐蚀等级G1）：铜测试片：300 Å/月  银测试片：200 Å/月,"{""effect"": ""影响设备稳定可靠运行。"", ""issueId"": ""5a8ac836ac046722f04c7f6d2c440bfa"", ""progress"": ""新增"", ""ruleId"": """"}",,,PD,中,已关闭
京东::schedule_risk::1134,京东,,物料齐套风险,物料齐套风险,计算（含通算和智算）、存储、网络、线缆物料种类多，当海外项目智算销售通路不同，或客户供应MPO线缆等物料时，易出现物料齐套到货风险。,计算（含通算和智算）、存储、网络、线缆物料种类多，当海外项目智算销售通路不同，或客户供应MPO线缆等物料时，易出现物料齐套到货风险。,"{""effect"": ""可能导致项目窝工。"", ""issueId"": ""ed2313e8fbbc275651e3770e297201b6"", ""progress"": ""新增"", ""ruleId"": """"}",,,供应经理,中,已关闭
京东::schedule_risk::1135,京东,,光纤端面脏污和光模块脏污风险,光纤端面脏污和光模块脏污风险,由于机房洁净度不足或者光纤连接器的断面缺乏保护导致暴露在空气中，造成断面沾染灰尘等污染物，阻碍或干扰光信号传输，导致信号传输质量下降，甚至可能导致训推性能下降甚至业务中断的风险。,由于机房洁净度不足或者光纤连接器的断面缺乏保护导致暴露在空气中，造成断面沾染灰尘等污染物，阻碍或干扰光信号传输，导致信号传输质量下降，甚至可能导致训推性能下降甚至业务中断的风险。,"{""effect"": ""信号传输质量下降，可能导致训推性能下降甚至业务中断。"", ""issueId"": ""c741f6b5536eaaa1858f3954a20adb49"", ""progress"": ""新增"", ""ruleId"": """"}",,,PD,高,已关闭
京东::schedule_risk::1136,京东,,二次管路污染风险,二次管路污染风险,智算设备对液冷系统建设质量要求较高，如果项目中液冷系统由客户或第三方承建，由于管路材质兼容性问题、施工质量问题、以及建成后长时间未投入使用导致管路生菌，易发生液冷管路污染问题，污染将影响系统性能和可靠性的风险。,智算设备对液冷系统建设质量要求较高，如果项目中液冷系统由客户或第三方承建，由于管路材质兼容性问题、施工质量问题、以及建成后长时间未投入使用导致管路生菌，易发生液冷管路污染问题，污染将影响系统性能和可靠性的风险。,"{""effect"": ""1、影响设备稳定运行 2、重新采购物料、拆除、清洗管道和再次测试可能导致工期延期20天左右。"", ""issueId"": ""f8d0f1d12e480c7c8cf448298df8bc13"", ""progress"": ""新增"", ""ruleId"": """"}",,,TD,高,已关闭
京东::schedule_risk::1137,京东,,搬运EHS风险,搬运EHS风险,机柜搬运斜坡角度＞10°时，不满足搬运要求，存在搬运EHS风险。,机柜搬运斜坡角度＞10°时，不满足搬运要求，存在搬运EHS风险。,"{""effect"": ""可能导致设备倾倒带来的EHS风险。"", ""issueId"": ""58f55a780be0a43e6c5e307db08cf294"", ""progress"": ""新增"", ""ruleId"": """"}",,,PD,中,已关闭
京东::schedule_risk::1138,京东,,机房承重风险,机房承重风险,机房承重不满足机柜拆除包装搬运重量，平均载荷小于1000kg/㎡，每个脚轮集中载荷小于600kg，可能导致机房地板塌陷。,机房承重不满足机柜拆除包装搬运重量，平均载荷小于1000kg/㎡，每个脚轮集中载荷小于600kg，可能导致机房地板塌陷。,"{""effect"": ""可能导致机房地板塌陷。"", ""issueId"": ""7581d46a6fedad9600aaf6038fa07498"", ""progress"": ""新增"", ""ruleId"": """"}",,,DC L1工勘专家,高,已关闭
京东::schedule_risk::1139,京东,,液冷系统超温风险,液冷系统超温风险,算力集群集成度高、部署密度大、散热要求高，液冷系统存在超温（是指NPU、CPU等高发热器件超出正常工作温度，导致服务器无法正常工作）风险。引发超温的原因可能为：因素1-温度：二次侧水温过高，如供水温度超过45℃; 因素2-流量：二次侧流量不足，如CDU故障停止工作、CDU滤网堵塞、冷板堵塞、旁通阀打开等问题。,算力集群集成度高、部署密度大、散热要求高，液冷系统存在超温（是指NPU、CPU等高发热器件超出正常工作温度，导致服务器无法正常工作）风险。引发超温的原因可能为：因素1-温度：二次侧水温过高，如供水温度超过45℃; 因素2-流量：二次侧流量不足，如CDU故障停止工作、CDU滤网堵塞、冷板堵塞、旁通阀打开等问题。,"{""effect"": ""服务器无法正常工作，导致业务中断。"", ""issueId"": ""83d417a2f1a64761aa8fc9a6a2f62bed"", ""progress"": ""新增"", ""ruleId"": """"}",,,PD/TD,中,已关闭
京东::schedule_risk::1140,京东,,液冷系统凝露风险,液冷系统凝露风险,凝露是指空气中的水蒸气在物体表面降温冷凝成水的过程，二次侧供液温度<机房露点温度可能会有凝露 。可能因素：1、二次侧液冷机柜长时间空载(12h+)，一次侧冷机持续运转，导致二次侧控温失效，二次侧进水温度低于露点，造成凝露；2、一次侧比例阀部署在回水端，且一次侧比例阀设置最小开度10%，有造成一次侧冷水无法完全关闭的风险；3、选用未经华为认证的CDU无法满足二次侧空载运行场景，未进行CDU二次侧空载下的冷量隔断测试；4、环境湿度过高，导致机房露点温度太高。,凝露是指空气中的水蒸气在物体表面降温冷凝成水的过程，二次侧供液温度<机房露点温度可能会有凝露 。可能因素：1、二次侧液冷机柜长时间空载(12h+)，一次侧冷机持续运转，导致二次侧控温失效，二次侧进水温度低于露点，造成凝露；2、一次侧比例阀部署在回水端，且一次侧比例阀设置最小开度10%，有造成一次侧冷水无法完全关闭的风险；3、选用未经华为认证的CDU无法满足二次侧空载运行场景，未进行CDU二次侧空载下的冷量隔断测试；4、环境湿度过高，导致机房露点温度太高。,"{""effect"": ""可能导致设备故障，服务器宕机，业务中断，甚至数据丢失。"", ""issueId"": ""f4647e93f5c8a32ff2827199815aed48"", ""progress"": ""新增"", ""ruleId"": """"}",,,PD/TD,中,已关闭
京东::schedule_risk::1141,京东,,机房未工勘,机房未工勘,机房未工勘，无机房供电、空间、承重等信息，可能导致主设备和辅料配置不准确，无法确认项目启动时间，影响项目计划评估。,机房未工勘，无机房供电、空间、承重等信息，可能导致主设备和辅料配置不准确，无法确认项目启动时间，影响项目计划评估。,"{""effect"": ""1、无法确定机房承重、供电、位置空间是否满足要求，可能导致项目无法实施。 2、主设备和辅料配置不准确，带来退换货风险，影响工期和成本评估。 3、无法确定机房准备度，导致无法确定项目启动时间，影响工期评估。"", ""issueId"": ""12a5c9bb2d0f33e7777eed02a8d98f73"", ""progress"": ""新增"", ""ruleId"": """"}",,,DC L1工勘专家,高,已关闭
京东::schedule_risk::1142,京东,,光模块等物料丢失风险,光模块等物料丢失风险,算力平台场景中涉及海量光模块和线缆布放，存在因保管不善导致的丢失或者被盗风险。,算力平台场景中涉及海量光模块和线缆布放，存在因保管不善导致的丢失或者被盗风险。,"{""effect"": ""光模块等丢失需要重新采购，影响项目工期和成本。"", ""issueId"": ""e583836710d9f4d4cea15545e806d892"", ""progress"": ""新增"", ""ruleId"": """"}",,,PD,中,已关闭
京东::schedule_risk::1195,京东,,4 POD到货风险,4 POD到货风险,剩余4个超节点B51新内存的配置策略客户未确认，生产未开始，影响2月14号目标达成，需要推动客户尽快确认。,剩余4个超节点B51新内存的配置策略客户未确认，生产未开始，影响2月14号目标达成，需要推动客户尽快确认。,"{""effect"": ""影响2月14号目标达成，需要推动客户尽快确认。"", ""issueId"": ""755afa42a8ecb2bbdd83a09ccc17203e"", ""progress"": ""新增"", ""ruleId"": """"}",,,,高,已关闭
京东::schedule_risk::1262,京东,,货期风险,货期风险,项目到货计划较晚，与项目计划不匹配，400G MPO线缆货物有3天GAP,项目到货计划较晚，与项目计划不匹配，400G MPO线缆货物有3天GAP,"{""effect"": ""影响项目工期"", ""issueId"": ""183ae106373739e82e07417de6c9059a"", ""progress"": ""新增"", ""ruleId"": """"}",,,PD,中,已关闭
